ticker,month,first_close,last_close,monthly_return_%
ADANIGREEN,2023-10,2387.25,2294.65,-3.88
ADANIGREEN,2023-11,2217.3,2358.55,6.37
ADANIGREEN,2023-12,2362.7,2848.95,20.58
ADANIGREEN,2024-01,2917.2,3142.0,7.71
ADANIGREEN,2024-02,3153.5,3285.4,4.18
ADANIGREEN,2024-03,3318.75,3197.1,-3.67
ADANIGREEN,2024-04,3252.1,3054.7,-6.07
ADANIGREEN,2024-05,3039.6,3411.35,12.23
ADANIGREEN,2024-06,3645.25,3177.15,-12.84
ADANIGREEN,2024-07,3183.8,3169.4,-0.45
ADANIGREEN,2024-08,3217.25,3019.35,-6.15
ADANIGREEN,2024-09,3042.15,3135.85,3.08
ADANIGREEN,2024-10,3186.1,2947.25,-7.5
ADANIGREEN,2024-11,2949.5,2228.0,-24.46
ADANIPORTS,2023-10,831.4,784.75,-5.61
ADANIPORTS,2023-11,769.1,825.5,7.33
ADANIPORTS,2023-12,827.8,1024.35,23.74
ADANIPORTS,2024-01,1047.85,1207.65,15.25
ADANIPORTS,2024-02,1218.85,1320.5,8.34
ADANIPORTS,2024-03,1322.1,1341.85,1.49
ADANIPORTS,2024-04,1375.9,1324.9,-3.71
ADANIPORTS,2024-05,1338.8,1437.4,7.36
ADANIPORTS,2024-06,1583.95,1478.1,-6.68
ADANIPORTS,2024-07,1474.5,1569.9,6.47
ADANIPORTS,2024-08,1590.15,1481.9,-6.81
ADANIPORTS,2024-09,1494.5,1448.2,-3.1
ADANIPORTS,2024-10,1467.5,1375.95,-6.24
ADANIPORTS,2024-11,1394.4,1136.75,-18.48
AIRTEL,2023-10,925.3,914.4,-1.18
AIRTEL,2023-11,913.45,1014.7,11.08
AIRTEL,2023-12,1014.7,1032.2,1.72
AIRTEL,2024-01,1013.05,1170.7,15.56
AIRTEL,2024-02,1151.2,1123.35,-2.42
AIRTEL,2024-03,1128.7,1228.6,8.85
AIRTEL,2024-04,1217.35,1322.3,8.62
AIRTEL,2024-05,1304.05,1372.75,5.27
AIRTEL,2024-06,1391.1,1444.05,3.81
AIRTEL,2024-07,1454.0,1491.55,2.58
AIRTEL,2024-08,1505.5,1589.05,5.55
AIRTEL,2024-09,1571.35,1709.55,8.79
AIRTEL,2024-10,1698.7,1612.6,-5.07
AIRTEL,2024-11,1616.45,1569.3,-2.92
APOLLOHOSP,2023-10,5118.95,4819.9,-5.84
APOLLOHOSP,2023-11,4796.55,5528.95,15.27
APOLLOHOSP,2023-12,5591.15,5704.1,2.02
APOLLOHOSP,2024-01,5750.05,6352.95,10.49
APOLLOHOSP,2024-02,6287.95,6101.6,-2.96
APOLLOHOSP,2024-03,6085.4,6356.8,4.46
APOLLOHOSP,2024-04,6457.25,5947.1,-7.9
APOLLOHOSP,2024-05,5958.55,5839.2,-2.0
APOLLOHOSP,2024-06,5851.2,6185.7,5.72
APOLLOHOSP,2024-07,6140.5,6615.3,7.73
APOLLOHOSP,2024-08,6706.4,6927.5,3.3
APOLLOHOSP,2024-09,6880.05,7199.15,4.64
APOLLOHOSP,2024-10,7153.35,7022.7,-1.83
APOLLOHOSP,2024-11,7031.95,6935.1,-1.38
ASIANPAINT,2023-10,3166.85,2995.7,-5.4
ASIANPAINT,2023-11,2934.55,3119.9,6.32
ASIANPAINT,2023-12,3173.4,3402.4,7.22
ASIANPAINT,2024-01,3396.1,2957.85,-12.9
ASIANPAINT,2024-02,2929.35,2821.9,-3.67
ASIANPAINT,2024-03,2831.75,2846.75,0.53
ASIANPAINT,2024-04,2871.0,2875.9,0.17
ASIANPAINT,2024-05,2975.4,2881.2,-3.17
ASIANPAINT,2024-06,2866.45,2917.05,1.77
ASIANPAINT,2024-07,2927.8,3084.45,5.35
ASIANPAINT,2024-08,3099.35,3126.8,0.89
ASIANPAINT,2024-09,3150.95,3329.1,5.65
ASIANPAINT,2024-10,3277.35,2935.65,-10.43
ASIANPAINT,2024-11,2939.85,2472.2,-15.91
AXISBANK,2023-10,1041.05,981.85,-5.69
AXISBANK,2023-11,971.8,1074.25,10.54
AXISBANK,2023-12,1104.65,1102.3,-0.21
AXISBANK,2024-01,1097.7,1067.75,-2.73
AXISBANK,2024-02,1084.25,1075.1,-0.84
AXISBANK,2024-03,1099.25,1047.2,-4.74
AXISBANK,2024-04,1053.1,1165.9,10.71
AXISBANK,2024-05,1149.85,1162.15,1.07
AXISBANK,2024-06,1223.9,1265.25,3.38
AXISBANK,2024-07,1261.9,1166.1,-7.59
AXISBANK,2024-08,1172.3,1175.25,0.25
AXISBANK,2024-09,1188.8,1232.2,3.65
AXISBANK,2024-10,1226.65,1159.55,-5.47
AXISBANK,2024-11,1169.55,1142.4,-2.32
BAJAJ-AUTO,2023-10,5016.45,5314.05,5.93
BAJAJ-AUTO,2023-11,5344.35,6090.55,13.96
BAJAJ-AUTO,2023-12,6046.05,6797.25,12.42
BAJAJ-AUTO,2024-01,6701.1,7667.55,14.42
BAJAJ-AUTO,2024-02,7655.75,7909.35,3.31
BAJAJ-AUTO,2024-03,8040.05,9148.15,13.78
BAJAJ-AUTO,2024-04,9042.15,8903.65,-1.53
BAJAJ-AUTO,2024-05,9110.65,9084.75,-0.28
BAJAJ-AUTO,2024-06,9335.45,9501.65,1.78
BAJAJ-AUTO,2024-07,9532.4,9664.2,1.38
BAJAJ-AUTO,2024-08,9730.5,10891.55,11.93
BAJAJ-AUTO,2024-09,11126.1,12345.95,10.96
BAJAJ-AUTO,2024-10,12157.45,9836.3,-19.09
BAJAJ-AUTO,2024-11,9875.95,9481.65,-3.99
BAJAJFINSV,2023-10,1561.05,1569.55,0.54
BAJAJFINSV,2023-11,1572.85,1673.5,6.4
BAJAJFINSV,2023-12,1685.95,1685.8,-0.01
BAJAJFINSV,2024-01,1676.4,1627.3,-2.93
BAJAJFINSV,2024-02,1622.25,1593.8,-1.75
BAJAJFINSV,2024-03,1613.4,1643.85,1.89
BAJAJFINSV,2024-04,1646.0,1615.0,-1.88
BAJAJFINSV,2024-05,1615.45,1528.6,-5.38
BAJAJFINSV,2024-06,1575.8,1588.15,0.78
BAJAJFINSV,2024-07,1580.2,1651.65,4.52
BAJAJFINSV,2024-08,1634.8,1783.05,9.07
BAJAJFINSV,2024-09,1840.55,1973.4,7.22
BAJAJFINSV,2024-10,1975.25,1750.75,-11.37
BAJAJFINSV,2024-11,1754.7,1600.85,-8.77
BAJFINANCE,2023-10,7967.6,7492.65,-5.96
BAJFINANCE,2023-11,7471.9,7121.9,-4.68
BAJFINANCE,2023-12,7259.35,7327.75,0.94
BAJFINANCE,2024-01,7299.05,6862.9,-5.98
BAJFINANCE,2024-02,6743.3,6495.35,-3.68
BAJFINANCE,2024-03,6571.45,7245.25,10.25
BAJFINANCE,2024-04,7250.95,6923.55,-4.52
BAJFINANCE,2024-05,6882.7,6697.7,-2.69
BAJFINANCE,2024-06,6915.55,7115.55,2.89
BAJFINANCE,2024-07,7276.75,6806.95,-6.46
BAJFINANCE,2024-08,6771.65,7200.15,6.33
BAJFINANCE,2024-09,7440.05,7703.0,3.53
BAJFINANCE,2024-10,7703.0,6889.75,-10.56
BAJFINANCE,2024-11,6923.6,6683.95,-3.46
BEL,2023-10,139.2,133.25,-4.27
BEL,2023-11,132.4,145.9,10.2
BEL,2023-12,147.45,184.2,24.92
BEL,2024-01,184.95,185.9,0.51
BEL,2024-02,183.4,205.1,11.83
BEL,2024-03,205.6,201.5,-1.99
BEL,2024-04,211.1,233.75,10.73
BEL,2024-05,234.75,295.95,26.07
BEL,2024-06,318.65,305.9,-4.0
BEL,2024-07,307.65,316.05,2.73
BEL,2024-08,311.15,299.3,-3.81
BEL,2024-09,296.9,285.1,-3.97
BEL,2024-10,283.95,284.9,0.33
BEL,2024-11,288.65,280.85,-2.7
BPCL,2023-10,170.68,174.63,2.31
BPCL,2023-11,178.45,217.85,22.08
BPCL,2023-12,219.0,225.33,2.89
BPCL,2024-01,226.03,251.18,11.13
BPCL,2024-02,254.23,301.93,18.76
BPCL,2024-03,311.65,301.2,-3.35
BPCL,2024-04,300.35,303.68,1.11
BPCL,2024-05,317.33,313.9,-1.08
BPCL,2024-06,333.08,303.95,-8.75
BPCL,2024-07,304.55,350.05,14.94
BPCL,2024-08,349.1,357.65,2.45
BPCL,2024-09,358.45,369.95,3.21
BPCL,2024-10,368.25,310.75,-15.61
BPCL,2024-11,313.0,285.85,-8.67
BRITANNIA,2023-10,4495.45,4426.5,-1.53
BRITANNIA,2023-11,4397.3,4852.65,10.36
BRITANNIA,2023-12,4970.75,5338.45,7.4
BRITANNIA,2024-01,5319.8,5198.4,-2.28
BRITANNIA,2024-02,5148.6,4965.2,-3.56
BRITANNIA,2024-03,4927.7,4911.25,-0.33
BRITANNIA,2024-04,4895.2,4775.95,-2.44
BRITANNIA,2024-05,4759.65,5179.8,8.83
BRITANNIA,2024-06,5167.8,5475.55,5.96
BRITANNIA,2024-07,5476.5,5784.45,5.62
BRITANNIA,2024-08,5730.15,5855.25,2.18
BRITANNIA,2024-09,5922.15,6338.15,7.02
BRITANNIA,2024-10,6446.05,5726.9,-11.16
BRITANNIA,2024-11,5693.05,4848.35,-14.84
CIPLA,2023-10,1182.8,1200.0,1.45
CIPLA,2023-11,1201.25,1212.3,0.92
CIPLA,2023-12,1205.7,1246.3,3.37
CIPLA,2024-01,1251.0,1351.0,7.99
CIPLA,2024-02,1387.65,1480.35,6.68
CIPLA,2024-03,1470.9,1496.95,1.77
CIPLA,2024-04,1498.65,1400.0,-6.58
CIPLA,2024-05,1420.05,1447.2,1.91
CIPLA,2024-06,1452.35,1480.8,1.96
CIPLA,2024-07,1479.1,1544.3,4.41
CIPLA,2024-08,1546.2,1654.9,7.03
CIPLA,2024-09,1646.65,1654.1,0.45
CIPLA,2024-10,1664.85,1551.75,-6.79
CIPLA,2024-11,1559.55,1486.5,-4.68
COALINDIA,2023-10,291.9,314.25,7.66
COALINDIA,2023-11,306.65,342.15,11.58
COALINDIA,2023-12,346.65,376.0,8.47
COALINDIA,2024-01,381.8,406.15,6.38
COALINDIA,2024-02,406.7,436.7,7.38
COALINDIA,2024-03,446.35,434.1,-2.74
COALINDIA,2024-04,442.05,454.3,2.77
COALINDIA,2024-05,453.9,491.2,8.22
COALINDIA,2024-06,512.35,473.15,-7.65
COALINDIA,2024-07,474.8,522.2,9.98
COALINDIA,2024-08,540.4,524.95,-2.86
COALINDIA,2024-09,520.85,510.15,-2.05
COALINDIA,2024-10,508.5,452.05,-11.1
COALINDIA,2024-11,454.15,414.05,-8.83
DRREDDY,2023-10,1092.34,1073.51,-1.72
DRREDDY,2023-11,1069.29,1157.63,8.26
DRREDDY,2023-12,1149.88,1159.58,0.84
DRREDDY,2024-01,1164.33,1224.23,5.14
DRREDDY,2024-02,1198.63,1284.85,7.19
DRREDDY,2024-03,1238.71,1231.58,-0.58
DRREDDY,2024-04,1250.07,1240.86,-0.74
DRREDDY,2024-05,1257.5,1158.37,-7.88
DRREDDY,2024-06,1156.66,1280.47,10.7
DRREDDY,2024-07,1270.74,1350.1,6.25
DRREDDY,2024-08,1377.59,1406.27,2.08
DRREDDY,2024-09,1374.43,1350.32,-1.75
DRREDDY,2024-10,1349.82,1274.2,-5.6
DRREDDY,2024-11,1259.6,1214.45,-3.58
EICHERMOT,2023-10,3351.4,3295.55,-1.67
EICHERMOT,2023-11,3282.25,3896.9,18.73
EICHERMOT,2023-12,3891.2,4143.5,6.48
EICHERMOT,2024-01,4038.35,3839.6,-4.92
EICHERMOT,2024-02,3933.2,3792.4,-3.58
EICHERMOT,2024-03,3843.55,4019.3,4.57
EICHERMOT,2024-04,3946.65,4597.4,16.49
EICHERMOT,2024-05,4602.4,4733.45,2.85
EICHERMOT,2024-06,4670.85,4672.95,0.04
EICHERMOT,2024-07,4635.55,4962.7,7.06
EICHERMOT,2024-08,4968.8,4960.5,-0.17
EICHERMOT,2024-09,4911.95,5026.25,2.33
EICHERMOT,2024-10,4972.65,4894.65,-1.57
EICHERMOT,2024-11,4953.6,4986.2,0.66
GRASIM,2023-10,1913.84,1879.23,-1.81
GRASIM,2023-11,1861.15,1997.51,7.33
GRASIM,2023-12,2008.07,2126.35,5.89
GRASIM,2024-01,2118.88,2175.0,2.65
GRASIM,2024-02,2128.6,2191.4,2.95
GRASIM,2024-03,2254.9,2287.3,1.44
GRASIM,2024-04,2292.55,2411.65,5.2
GRASIM,2024-05,2437.35,2316.25,-4.97
GRASIM,2024-06,2368.8,2670.45,12.73
GRASIM,2024-07,2726.4,2776.75,1.85
GRASIM,2024-08,2767.0,2698.85,-2.46
GRASIM,2024-09,2690.8,2795.55,3.89
GRASIM,2024-10,2801.15,2695.85,-3.76
GRASIM,2024-11,2698.9,2598.65,-3.71
HCLTECH,2023-10,1238.7,1276.0,3.01
HCLTECH,2023-11,1258.95,1340.9,6.51
HCLTECH,2023-12,1336.7,1466.1,9.68
HCLTECH,2024-01,1483.75,1576.0,6.22
HCLTECH,2024-02,1577.4,1663.85,5.48
HCLTECH,2024-03,1644.1,1543.55,-6.12
HCLTECH,2024-04,1556.7,1366.6,-12.21
HCLTECH,2024-05,1360.7,1324.1,-2.69
HCLTECH,2024-06,1314.45,1459.6,11.04
HCLTECH,2024-07,1468.85,1642.6,11.83
HCLTECH,2024-08,1640.55,1753.25,6.87
HCLTECH,2024-09,1806.65,1796.1,-0.58
HCLTECH,2024-10,1816.5,1766.05,-2.78
HCLTECH,2024-11,1757.4,1898.4,8.02
HDFCBANK,2023-10,1508.05,1476.5,-2.09
HDFCBANK,2023-11,1474.5,1558.8,5.72
HDFCBANK,2023-12,1555.4,1709.25,9.89
HDFCBANK,2024-01,1698.1,1462.55,-13.87
HDFCBANK,2024-02,1466.35,1403.4,-4.29
HDFCBANK,2024-03,1430.75,1447.9,1.2
HDFCBANK,2024-04,1470.5,1520.1,3.37
HDFCBANK,2024-05,1532.25,1531.55,-0.05
HDFCBANK,2024-06,1572.2,1683.8,7.1
HDFCBANK,2024-07,1705.2,1615.75,-5.25
HDFCBANK,2024-08,1638.8,1636.9,-0.12
HDFCBANK,2024-09,1626.95,1732.05,6.46
HDFCBANK,2024-10,1726.2,1735.7,0.55
HDFCBANK,2024-11,1737.3,1745.6,0.48
HDFCLIFE,2023-10,633.55,618.35,-2.4
HDFCLIFE,2023-11,620.05,690.75,11.4
HDFCLIFE,2023-12,682.15,646.7,-5.2
HDFCLIFE,2024-01,648.7,576.6,-11.11
HDFCLIFE,2024-02,587.1,582.0,-0.87
HDFCLIFE,2024-03,589.95,633.35,7.36
HDFCLIFE,2024-04,634.75,583.65,-8.05
HDFCLIFE,2024-05,576.35,549.85,-4.6
HDFCLIFE,2024-06,550.1,595.05,8.17
HDFCLIFE,2024-07,600.75,715.5,19.1
HDFCLIFE,2024-08,713.6,738.7,3.52
HDFCLIFE,2024-09,745.3,718.0,-3.66
HDFCLIFE,2024-10,710.2,720.15,1.4
HDFCLIFE,2024-11,723.7,688.2,-4.91
HEROMOTOCO,2023-10,3015.6,3088.35,2.41
HEROMOTOCO,2023-11,3092.45,3819.05,23.5
HEROMOTOCO,2023-12,3760.0,4139.55,10.09
HEROMOTOCO,2024-01,4118.55,4621.55,12.21
HEROMOTOCO,2024-02,4586.7,4426.5,-3.49
HEROMOTOCO,2024-03,4507.1,4722.3,4.77
HEROMOTOCO,2024-04,4680.75,4543.05,-2.94
HEROMOTOCO,2024-05,4561.5,5119.6,12.24
HEROMOTOCO,2024-06,5160.6,5579.6,8.12
HEROMOTOCO,2024-07,5603.1,5488.45,-2.05
HEROMOTOCO,2024-08,5371.85,5455.4,1.56
HEROMOTOCO,2024-09,5578.2,5712.4,2.41
HEROMOTOCO,2024-10,5750.1,4989.55,-13.23
HEROMOTOCO,2024-11,5020.5,4794.1,-4.51
HINDALCO,2023-10,479.95,459.5,-4.26
HINDALCO,2023-11,462.7,515.65,11.44
HINDALCO,2023-12,517.2,614.85,18.88
HINDALCO,2024-01,610.4,579.35,-5.09
HINDALCO,2024-02,571.25,503.85,-11.8
HINDALCO,2024-03,519.1,560.25,7.93
HINDALCO,2024-04,568.6,644.4,13.33
HINDALCO,2024-05,641.45,689.35,7.47
HINDALCO,2024-06,695.95,693.55,-0.34
HINDALCO,2024-07,689.85,669.6,-2.94
HINDALCO,2024-08,673.5,701.35,4.14
HINDALCO,2024-09,683.9,756.2,10.57
HINDALCO,2024-10,761.55,686.05,-9.91
HINDALCO,2024-11,690.9,652.1,-5.62
HINDUNILVR,2023-10,2468.9,2484.0,0.61
HINDUNILVR,2023-11,2472.25,2545.55,2.96
HINDUNILVR,2023-12,2563.65,2663.95,3.91
HINDUNILVR,2024-01,2654.75,2481.55,-6.52
HINDUNILVR,2024-02,2473.6,2412.3,-2.48
HINDUNILVR,2024-03,2409.7,2264.35,-6.03
HINDUNILVR,2024-04,2285.9,2230.45,-2.43
HINDUNILVR,2024-05,2226.3,2329.05,4.62
HINDUNILVR,2024-06,2355.9,2473.05,4.97
HINDUNILVR,2024-07,2505.1,2705.65,8.01
HINDUNILVR,2024-08,2715.55,2778.0,2.3
HINDUNILVR,2024-09,2789.05,2958.3,6.07
HINDUNILVR,2024-10,2923.75,2528.25,-13.53
HINDUNILVR,2024-11,2537.5,2445.25,-3.64
ICICIBANK,2023-10,940.3,915.35,-2.65
ICICIBANK,2023-11,914.05,934.95,2.29
ICICIBANK,2023-12,946.7,996.6,5.27
ICICIBANK,2024-01,999.4,1028.15,2.88
ICICIBANK,2024-02,1025.15,1052.2,2.64
ICICIBANK,2024-03,1086.9,1093.3,0.59
ICICIBANK,2024-04,1099.65,1150.4,4.62
ICICIBANK,2024-05,1139.45,1121.05,-1.61
ICICIBANK,2024-06,1160.0,1199.6,3.41
ICICIBANK,2024-07,1211.85,1214.9,0.25
ICICIBANK,2024-08,1210.1,1229.2,1.58
ICICIBANK,2024-09,1229.95,1273.0,3.5
ICICIBANK,2024-10,1274.4,1292.25,1.4
ICICIBANK,2024-11,1291.8,1278.05,-1.06
INDUSINDBK,2023-10,1435.4,1441.3,0.41
INDUSINDBK,2023-11,1432.6,1466.1,2.34
INDUSINDBK,2023-12,1461.05,1598.95,9.44
INDUSINDBK,2024-01,1598.85,1534.05,-4.05
INDUSINDBK,2024-02,1541.15,1474.9,-4.3
INDUSINDBK,2024-03,1526.65,1553.0,1.73
INDUSINDBK,2024-04,1542.4,1515.7,-1.73
INDUSINDBK,2024-05,1505.2,1461.85,-2.88
INDUSINDBK,2024-06,1529.7,1464.5,-4.26
INDUSINDBK,2024-07,1456.9,1427.8,-2.0
INDUSINDBK,2024-08,1419.85,1425.25,0.38
INDUSINDBK,2024-09,1449.05,1447.6,-0.1
INDUSINDBK,2024-10,1409.7,1055.6,-25.12
INDUSINDBK,2024-11,1062.5,998.2,-6.05
INFY,2023-10,1434.0,1368.4,-4.57
INFY,2023-11,1354.15,1455.15,7.46
INFY,2023-12,1452.3,1542.9,6.24
INFY,2024-01,1551.35,1660.9,7.06
INFY,2024-02,1657.05,1673.9,1.02
INFY,2024-03,1654.7,1498.05,-9.47
INFY,2024-04,1495.45,1420.55,-5.01
INFY,2024-05,1414.45,1406.9,-0.53
INFY,2024-06,1405.9,1566.75,11.44
INFY,2024-07,1590.8,1868.25,17.44
INFY,2024-08,1852.6,1943.7,4.92
INFY,2024-09,1964.5,1875.6,-4.53
INFY,2024-10,1904.35,1757.25,-7.72
INFY,2024-11,1760.85,1902.25,8.03
ITC,2023-10,439.75,428.4,-2.58
ITC,2023-11,428.1,435.8,1.8
ITC,2023-12,449.8,462.1,2.73
ITC,2024-01,468.05,441.55,-5.66
ITC,2024-02,442.9,406.3,-8.26
ITC,2024-03,409.5,428.35,4.6
ITC,2024-04,426.7,435.65,2.1
ITC,2024-05,439.0,426.45,-2.86
ITC,2024-06,430.35,424.9,-1.27
ITC,2024-07,429.05,495.35,15.45
ITC,2024-08,493.7,501.9,1.66
ITC,2024-09,510.05,518.15,1.59
ITC,2024-10,516.2,488.8,-5.31
ITC,2024-11,490.3,474.65,-3.19
JSWSTEEL,2023-10,770.25,736.35,-4.4
JSWSTEEL,2023-11,724.45,801.1,10.58
JSWSTEEL,2023-12,810.8,880.25,8.57
JSWSTEEL,2024-01,877.6,818.65,-6.72
JSWSTEEL,2024-02,801.7,800.1,-0.2
JSWSTEEL,2024-03,836.2,830.2,-0.72
JSWSTEEL,2024-04,871.95,882.2,1.18
JSWSTEEL,2024-05,890.35,880.55,-1.1
JSWSTEEL,2024-06,915.3,931.5,1.77
JSWSTEEL,2024-07,943.9,928.25,-1.66
JSWSTEEL,2024-08,934.55,941.1,0.7
JSWSTEEL,2024-09,940.45,1030.05,9.53
JSWSTEEL,2024-10,1027.3,963.65,-6.2
JSWSTEEL,2024-11,968.3,977.35,0.93
KOTAKBANK,2023-10,1727.05,1739.4,0.72
KOTAKBANK,2023-11,1724.4,1755.45,1.8
KOTAKBANK,2023-12,1750.5,1908.1,9.0
KOTAKBANK,2024-01,1909.15,1825.25,-4.39
KOTAKBANK,2024-02,1822.75,1689.45,-7.31
KOTAKBANK,2024-03,1727.7,1785.5,3.35
KOTAKBANK,2024-04,1790.7,1623.95,-9.31
KOTAKBANK,2024-05,1575.65,1680.4,6.65
KOTAKBANK,2024-06,1718.05,1802.5,4.92
KOTAKBANK,2024-07,1808.1,1807.9,-0.01
KOTAKBANK,2024-08,1792.65,1780.8,-0.66
KOTAKBANK,2024-09,1780.25,1853.95,4.14
KOTAKBANK,2024-10,1879.4,1731.1,-7.89
KOTAKBANK,2024-11,1744.4,1761.45,0.98
LT,2023-10,3073.25,2929.05,-4.69
LT,2023-11,2895.3,3109.2,7.39
LT,2023-12,3190.65,3526.0,10.51
LT,2024-01,3525.45,3479.75,-1.3
LT,2024-02,3398.0,3477.55,2.34
LT,2024-03,3633.5,3763.9,3.59
LT,2024-04,3838.0,3594.3,-6.35
LT,2024-05,3599.5,3669.3,1.94
LT,2024-06,3897.15,3548.45,-8.95
LT,2024-07,3526.55,3815.0,8.18
LT,2024-08,3779.3,3704.65,-1.98
LT,2024-09,3683.1,3675.55,-0.2
LT,2024-10,3653.5,3622.3,-0.85
LT,2024-11,3626.35,3603.5,-0.63
M&M,2023-10,1537.4,1458.6,-5.13
M&M,2023-11,1454.6,1647.75,13.28
M&M,2023-12,1625.5,1729.4,6.39
M&M,2024-01,1703.3,1651.55,-3.04
M&M,2024-02,1651.15,1932.4,17.03
M&M,2024-03,1972.95,1921.35,-2.62
M&M,2024-04,1915.95,2156.35,12.55
M&M,2024-05,2185.15,2506.25,14.69
M&M,2024-06,2634.0,2866.65,8.83
M&M,2024-07,2875.85,2907.8,1.11
M&M,2024-08,2828.4,2805.4,-0.81
M&M,2024-09,2777.0,3094.9,11.45
M&M,2024-10,3165.5,2728.55,-13.8
M&M,2024-11,2817.65,3012.95,6.93
MARUTI,2023-10,10346.9,10392.3,0.44
MARUTI,2023-11,10227.8,10608.7,3.72
MARUTI,2023-12,10585.7,10302.3,-2.68
MARUTI,2024-01,10283.3,10186.9,-0.94
MARUTI,2024-02,10638.0,11288.35,6.11
MARUTI,2024-03,11620.95,12600.35,8.43
MARUTI,2024-04,12569.6,12817.5,1.97
MARUTI,2024-05,12805.35,12399.3,-3.17
MARUTI,2024-06,12476.15,12033.85,-3.55
MARUTI,2024-07,12108.65,13115.8,8.32
MARUTI,2024-08,13359.05,12403.0,-7.16
MARUTI,2024-09,12427.4,13238.0,6.52
MARUTI,2024-10,13166.0,11076.45,-15.87
MARUTI,2024-11,11110.0,11063.6,-0.42
NESTLEIND,2023-10,2231.52,2423.48,8.6
NESTLEIND,2023-11,2387.27,2423.61,1.52
NESTLEIND,2023-12,2433.86,2658.03,9.21
NESTLEIND,2024-01,2737.24,2506.0,-8.45
NESTLEIND,2024-02,2467.8,2596.2,5.2
NESTLEIND,2024-03,2601.45,2622.35,0.8
NESTLEIND,2024-04,2585.6,2507.4,-3.02
NESTLEIND,2024-05,2512.3,2354.9,-6.27
NESTLEIND,2024-06,2355.05,2551.65,8.35
NESTLEIND,2024-07,2568.1,2456.35,-4.35
NESTLEIND,2024-08,2484.0,2500.75,0.67
NESTLEIND,2024-09,2509.9,2689.95,7.17
NESTLEIND,2024-10,2707.05,2262.95,-16.41
NESTLEIND,2024-11,2282.3,2247.3,-1.53
NTPC,2023-10,241.2,235.8,-2.24
NTPC,2023-11,232.6,261.3,12.34
NTPC,2023-12,268.95,311.15,15.69
NTPC,2024-01,309.75,317.5,2.5
NTPC,2024-02,322.0,335.6,4.22
NTPC,2024-03,343.5,335.8,-2.24
NTPC,2024-04,342.35,363.2,6.09
NTPC,2024-05,369.05,359.0,-2.72
NTPC,2024-06,391.8,378.35,-3.43
NTPC,2024-07,369.75,416.0,12.51
NTPC,2024-08,423.45,416.2,-1.71
NTPC,2024-09,410.0,443.2,8.1
NTPC,2024-10,440.1,408.15,-7.26
NTPC,2024-11,411.35,365.45,-11.16
ONGC,2023-10,184.6,186.15,0.84
ONGC,2023-11,186.7,194.95,4.42
ONGC,2023-12,194.55,205.05,5.4
ONGC,2024-01,205.35,252.25,22.84
ONGC,2024-02,247.65,264.6,6.84
ONGC,2024-03,270.55,268.05,-0.92
ONGC,2024-04,269.9,282.85,4.8
ONGC,2024-05,282.8,264.35,-6.52
ONGC,2024-06,284.1,274.2,-3.48
ONGC,2024-07,272.95,334.2,22.44
ONGC,2024-08,341.75,330.75,-3.22
ONGC,2024-09,326.2,297.6,-8.77
ONGC,2024-10,291.95,266.15,-8.84
ONGC,2024-11,271.75,245.6,-9.62
POWERGRID,2023-10,199.55,202.15,1.3
POWERGRID,2023-11,200.95,208.95,3.98
POWERGRID,2023-12,210.2,237.2,12.84
POWERGRID,2024-01,238.25,259.3,8.84
POWERGRID,2024-02,265.8,282.85,6.41
POWERGRID,2024-03,287.7,276.9,-3.75
POWERGRID,2024-04,280.15,301.85,7.75
POWERGRID,2024-05,313.6,310.0,-1.15
POWERGRID,2024-06,337.65,330.95,-1.98
POWERGRID,2024-07,329.6,348.2,5.64
POWERGRID,2024-08,361.1,337.4,-6.56
POWERGRID,2024-09,335.55,352.85,5.16
POWERGRID,2024-10,350.8,320.8,-8.55
POWERGRID,2024-11,322.05,336.95,4.63
RELIANCE,2023-10,1159.08,1143.95,-1.31
RELIANCE,2023-11,1148.7,1188.72,3.48
RELIANCE,2023-12,1197.15,1292.47,7.96
RELIANCE,2024-01,1295.13,1426.63,10.15
RELIANCE,2024-02,1426.65,1460.8,2.39
RELIANCE,2024-03,1492.13,1485.85,-0.42
RELIANCE,2024-04,1484.78,1467.0,-1.2
RELIANCE,2024-05,1466.55,1430.4,-2.46
RELIANCE,2024-06,1510.33,1565.4,3.65
RELIANCE,2024-07,1560.15,1505.43,-3.51
RELIANCE,2024-08,1515.3,1509.63,-0.37
RELIANCE,2024-09,1516.25,1476.58,-2.62
RELIANCE,2024-10,1464.83,1332.05,-9.06
RELIANCE,2024-11,1338.65,1265.4,-5.47
SBILIFE,2023-10,1292.45,1367.85,5.83
SBILIFE,2023-11,1336.05,1435.25,7.42
SBILIFE,2023-12,1423.65,1432.6,0.63
SBILIFE,2024-01,1432.1,1401.15,-2.16
SBILIFE,2024-02,1432.75,1552.55,8.36
SBILIFE,2024-03,1542.15,1500.25,-2.72
SBILIFE,2024-04,1489.95,1436.55,-3.58
SBILIFE,2024-05,1460.9,1386.4,-5.1
SBILIFE,2024-06,1391.5,1491.95,7.22
SBILIFE,2024-07,1501.85,1753.65,16.77
SBILIFE,2024-08,1767.25,1850.3,4.7
SBILIFE,2024-09,1888.75,1844.0,-2.37
SBILIFE,2024-10,1834.2,1622.15,-11.56
SBILIFE,2024-11,1628.85,1485.15,-8.82
SBIN,2023-10,602.95,565.55,-6.2
SBIN,2023-11,566.4,564.75,-0.29
SBIN,2023-12,571.75,642.05,12.3
SBIN,2024-01,641.35,640.5,-0.13
SBIN,2024-02,647.65,748.1,15.51
SBIN,2024-03,769.15,752.35,-2.18
SBIN,2024-04,758.3,826.25,8.96
SBIN,2024-05,830.05,830.35,0.04
SBIN,2024-06,905.65,848.95,-6.26
SBIN,2024-07,841.95,872.4,3.62
SBIN,2024-08,862.65,815.6,-5.45
SBIN,2024-09,822.15,787.9,-4.17
SBIN,2024-10,796.95,820.2,2.92
SBIN,2024-11,821.2,816.05,-0.63
SHRIRAMFIN,2023-10,1921.95,1879.85,-2.19
SHRIRAMFIN,2023-11,1902.25,2007.2,5.52
SHRIRAMFIN,2023-12,2003.25,2053.3,2.5
SHRIRAMFIN,2024-01,2048.85,2466.8,20.4
SHRIRAMFIN,2024-02,2397.2,2438.6,1.73
SHRIRAMFIN,2024-03,2450.45,2359.8,-3.7
SHRIRAMFIN,2024-04,2431.75,2551.7,4.93
SHRIRAMFIN,2024-05,2582.1,2354.05,-8.83
SHRIRAMFIN,2024-06,2509.15,2911.5,16.04
SHRIRAMFIN,2024-07,2924.25,2931.95,0.26
SHRIRAMFIN,2024-08,2989.25,3204.5,7.2
SHRIRAMFIN,2024-09,3225.25,3576.95,10.9
SHRIRAMFIN,2024-10,3570.4,3138.9,-12.09
SHRIRAMFIN,2024-11,3150.95,2850.05,-9.55
SUNPHARMA,2023-10,1141.45,1088.6,-4.63
SUNPHARMA,2023-11,1116.2,1225.85,9.82
SUNPHARMA,2023-12,1231.25,1259.45,2.29
SUNPHARMA,2024-01,1260.25,1418.45,12.55
SUNPHARMA,2024-02,1407.95,1577.95,12.07
SUNPHARMA,2024-03,1559.25,1620.55,3.93
SUNPHARMA,2024-04,1629.25,1502.1,-7.8
SUNPHARMA,2024-05,1519.0,1459.8,-3.9
SUNPHARMA,2024-06,1453.05,1520.85,4.67
SUNPHARMA,2024-07,1520.1,1719.35,13.11
SUNPHARMA,2024-08,1715.2,1821.65,6.21
SUNPHARMA,2024-09,1815.95,1926.7,6.1
SUNPHARMA,2024-10,1919.95,1848.9,-3.7
SUNPHARMA,2024-11,1858.4,1795.3,-3.4
TATACONSUMER,2023-10,861.2,889.44,3.28
TATACONSUMER,2023-11,892.06,929.2,4.16
TATACONSUMER,2023-12,931.27,1073.46,15.27
TATACONSUMER,2024-01,1066.84,1104.27,3.51
TATACONSUMER,2024-02,1115.78,1175.44,5.35
TATACONSUMER,2024-03,1186.26,1082.74,-8.73
TATACONSUMER,2024-04,1073.56,1094.74,1.97
TATACONSUMER,2024-05,1077.75,1047.23,-2.83
TATACONSUMER,2024-06,1056.02,1083.98,2.65
TATACONSUMER,2024-07,1081.11,1188.95,9.97
TATACONSUMER,2024-08,1208.35,1200.15,-0.68
TATACONSUMER,2024-09,1199.7,1196.95,-0.23
TATACONSUMER,2024-10,1196.25,1002.55,-16.19
TATACONSUMER,2024-11,1004.1,945.2,-5.87
TATAMOTORS,2023-10,620.45,628.65,1.32
TATAMOTORS,2023-11,627.7,706.4,12.54
TATAMOTORS,2023-12,705.45,779.95,10.56
TATAMOTORS,2024-01,790.6,884.2,11.84
TATAMOTORS,2024-02,878.5,950.2,8.16
TATAMOTORS,2024-03,977.4,992.8,1.58
TATAMOTORS,2024-04,992.25,1007.9,1.58
TATAMOTORS,2024-05,1027.8,923.0,-10.2
TATAMOTORS,2024-06,950.45,989.75,4.13
TATAMOTORS,2024-07,1002.05,1156.65,15.43
TATAMOTORS,2024-08,1144.4,1111.35,-2.89
TATAMOTORS,2024-09,1092.65,974.65,-10.8
TATAMOTORS,2024-10,965.2,834.05,-13.59
TATAMOTORS,2024-11,843.45,791.0,-6.22
TATASTEEL,2023-10,128.0,118.75,-7.23
TATASTEEL,2023-11,116.6,127.9,9.69
TATASTEEL,2023-12,130.0,139.6,7.38
TATASTEEL,2024-01,139.85,135.95,-2.79
TATASTEEL,2024-02,134.8,140.85,4.49
TATASTEEL,2024-03,149.95,155.85,3.93
TATASTEEL,2024-04,163.15,165.0,1.13
TATASTEEL,2024-05,167.35,167.2,-0.09
TATASTEEL,2024-06,174.25,174.01,-0.14
TATASTEEL,2024-07,174.07,165.33,-5.02
TATASTEEL,2024-08,163.06,152.76,-6.32
TATASTEEL,2024-09,152.88,168.55,10.25
TATASTEEL,2024-10,167.03,148.56,-11.06
TATASTEEL,2024-11,149.75,142.78,-4.65
TCS,2023-10,3513.85,3368.75,-4.13
TCS,2023-11,3330.65,3487.6,4.71
TCS,2023-12,3511.65,3793.4,8.02
TCS,2024-01,3811.1,3815.95,0.13
TCS,2024-02,3854.15,4095.1,6.25
TCS,2024-03,4094.35,3876.3,-5.33
TCS,2024-04,3916.75,3820.65,-2.45
TCS,2024-05,3863.3,3670.95,-4.98
TCS,2024-06,3702.85,3904.15,5.44
TCS,2024-07,3978.2,4385.35,10.23
TCS,2024-08,4397.1,4553.75,3.56
TCS,2024-09,4521.05,4268.5,-5.59
TCS,2024-10,4287.9,3968.45,-7.45
TCS,2024-11,3984.2,4244.6,6.54
TECHM,2023-10,1216.2,1133.15,-6.83
TECHM,2023-11,1125.1,1220.95,8.52
TECHM,2023-12,1220.55,1272.65,4.27
TECHM,2024-01,1297.15,1333.65,2.81
TECHM,2024-02,1312.5,1273.85,-2.94
TECHM,2024-03,1271.8,1248.1,-1.86
TECHM,2024-04,1244.55,1263.5,1.52
TECHM,2024-05,1266.9,1228.45,-3.03
TECHM,2024-06,1245.35,1430.35,14.86
TECHM,2024-07,1472.1,1554.4,5.59
TECHM,2024-08,1544.45,1636.5,5.96
TECHM,2024-09,1646.65,1577.2,-4.22
TECHM,2024-10,1625.4,1608.65,-1.03
TECHM,2024-11,1603.65,1747.45,8.97
TITAN,2023-10,3196.25,3189.65,-0.21
TITAN,2023-11,3173.4,3490.6,10.0
TITAN,2023-12,3489.5,3675.45,5.33
TITAN,2024-01,3677.15,3697.55,0.55
TITAN,2024-02,3627.45,3624.4,-0.08
TITAN,2024-03,3765.9,3801.8,0.95
TITAN,2024-04,3738.4,3589.25,-3.99
TITAN,2024-05,3568.45,3241.9,-9.15
TITAN,2024-06,3261.2,3404.2,4.38
TITAN,2024-07,3431.45,3458.95,0.8
TITAN,2024-08,3468.35,3565.15,2.79
TITAN,2024-09,3587.55,3823.95,6.59
TITAN,2024-10,3775.95,3267.05,-13.48
TITAN,2024-11,3293.7,3308.7,0.46
TRENT,2023-10,2059.1,2154.7,4.64
TRENT,2023-11,2197.65,2787.0,26.82
TRENT,2023-12,2807.7,3054.95,8.81
TRENT,2024-01,3002.1,3086.95,2.83
TRENT,2024-02,3102.8,3881.8,25.11
TRENT,2024-03,3901.25,3948.0,1.2
TRENT,2024-04,3886.8,4409.9,13.46
TRENT,2024-05,4646.7,4559.15,-1.88
TRENT,2024-06,4662.2,5479.85,17.54
TRENT,2024-07,5515.65,5839.0,5.86
TRENT,2024-08,5770.8,7158.75,24.05
TRENT,2024-09,7148.2,7574.65,5.97
TRENT,2024-10,7612.7,7128.35,-6.36
TRENT,2024-11,7149.0,6652.8,-6.94
ULTRACEMCO,2023-10,8304.9,8422.25,1.41
ULTRACEMCO,2023-11,8381.45,9003.65,7.42
ULTRACEMCO,2023-12,9033.85,10503.0,16.26
ULTRACEMCO,2024-01,10464.0,10167.3,-2.84
ULTRACEMCO,2024-02,9922.3,9892.4,-0.3
ULTRACEMCO,2024-03,10135.5,9749.15,-3.81
ULTRACEMCO,2024-04,9954.4,9971.85,0.18
ULTRACEMCO,2024-05,9983.45,9915.5,-0.68
ULTRACEMCO,2024-06,10470.05,11667.9,11.44
ULTRACEMCO,2024-07,11904.65,11887.2,-0.15
ULTRACEMCO,2024-08,11984.5,11301.9,-5.7
ULTRACEMCO,2024-09,11424.9,11802.0,3.3
ULTRACEMCO,2024-10,11837.15,11065.65,-6.52
ULTRACEMCO,2024-11,11145.8,11375.3,2.06
WIPRO,2023-10,405.45,381.8,-5.83
WIPRO,2023-11,380.95,413.05,8.43
WIPRO,2023-12,407.65,471.3,15.61
WIPRO,2024-01,477.15,478.15,0.21
WIPRO,2024-02,471.35,518.6,10.02
WIPRO,2024-03,519.1,480.1,-7.51
WIPRO,2024-04,484.95,462.4,-4.65
WIPRO,2024-05,457.4,438.2,-4.2
WIPRO,2024-06,444.1,514.85,15.93
WIPRO,2024-07,527.35,522.0,-1.01
WIPRO,2024-08,521.55,538.4,3.23
WIPRO,2024-09,532.45,541.45,1.69
WIPRO,2024-10,546.75,551.8,0.92
WIPRO,2024-11,551.35,571.65,3.68
